id,asset_id,asset_type,description,commission,decommission,location,high_impact,medium_impact,low_impact,erc,dial_up,region_op,register_func,cc1,cc2,cc3,cc4,cc5,cc6,cc7,cc8,tf1,tf2,tf3,tf4,tf5,tf6,tf7,tf8,g1,g2,g3,g4,g5,aa1,aa2,aa3,dp1,created_at,updated_at
10,Kirk,G,Seashells,1987-04-06,,"",TRUE,"","","","","",,,,,,,,,,,,,,,,,yes,,,,,,,,,2018-07-09 18:10:09 -0500,2018-07-09 18:10:09 -0500
4,Zerbrea,CC,aefawe,1988-10-16,,TRUE,"","","","","","",yes,"","","","","","","","","","","","","","","","","","","","","","","","",2018-07-05 19:44:36 -0500,2018-07-12 15:33:44 -0500
11,Kik,CC,Apps ,1998-04-06,,TRUE,"","",TRUE,"",Somewhere in this location,"",yes,,,,,,,,,,,,,,,,,,,,,,,,,2018-07-09 18:10:55 -0500,2018-07-09 18:10:55 -0500
9,Watermelon,G,This is a decription describing the descriptive description.,2005-04-06,,"",TRUE,"","","","","","","","","","","","","","","","","","","","","",yes,"","","","","","","","",2018-07-09 15:37:06 -0500,2018-07-09 15:41:27 -0500
3,Apple,DP,sfesfe,2007-07-05,2011-04-08,"","",TRUE,"","","","","","","","","","","","","","","","","","","","","","","","","","","","",yes,2018-07-05 19:44:25 -0500,2018-07-06 19:31:28 -0500
5,Buck,AA,Wild,2008-07-06,,"",TRUE,"","","","","",,,,,,,,,,,,,,,,,,,,,,yes,,,,2018-07-06 18:40:14 -0500,2018-07-06 18:40:14 -0500
13,Grapefruit,CC,Citrus fruit,2014-03-09,,"",TRUE,"","","","","","","","","","",yes,"","","","","","","","","","","","","","","","","","","",2018-07-12 21:53:54 -0500,2018-07-12 21:54:23 -0500
12,Shanta,DP,FS SDFfe ref fefe fef ,2014-07-08,,"","",TRUE,"",TRUE,"","",,,,,,,,,,,,,,,,,,,,,,,,,yes,2018-07-12 21:49:31 -0500,2018-07-12 21:49:31 -0500
7,Water,CC,Earth,2015-04-06,,TRUE,"","","","","","",yes,,,,,,,,,,,,,,,,,,,,,,,,,2018-07-09 15:34:11 -0500,2018-07-09 15:34:11 -0500
14,Guava,AA,Gross,2018-03-08,,"",TRUE,"","","","","",,,,,,,,,,,,,,,,,,,,,,yes,,,,2018-07-12 21:54:51 -0500,2018-07-12 21:54:51 -0500
15,Marshmallow,G,Marshmallowpie,2018-04-12,,"",TRUE,"","","","","",,,,,,,,,,,,,,,,,yes,,,,,,,,,2018-07-12 16:57:21 -0500,2018-07-12 16:57:21 -0500
16,Zuccnut,CC,1234,2018-05-13,,TRUE,"","","","","","",yes,,,,,,,,,,,,,,,,,,,,,,,,,2018-07-13 08:34:32 -0500,2018-07-13 08:34:32 -0500
1,This is A Center,CC,awegaergaerg,2018-06-28,,TRUE,"","","","","","",yes,,,,,,,,,,,,,,,,,,,,,,,,,2018-06-28 16:30:30 -0500,2018-06-28 16:30:30 -0500
2,Taco,AA,afwefawe,2018-07-05,2043-08-07,"",TRUE,"","","","","","","","","","","","","","","","","","","","","","","","","","",yes,"","","",2018-07-05 19:44:12 -0500,2018-07-06 18:55:13 -0500
6,potato,CC,dog cat wolf,2018-07-09,,"",TRUE,"","","","","",,,,,,,yes,,,,,,,,,,,,,,,,,,,2018-07-09 13:45:40 -0500,2018-07-09 13:45:40 -0500
